-- phpMyAdmin SQL Dump
-- version 5.0.2
-- https://www.phpmyadmin.net/
--
-- Servidor: 127.0.0.1:3307
-- Tiempo de generación: 21-12-2021 a las 00:29:26
-- Versión del servidor: 10.4.13-MariaDB
-- Versión de PHP: 7.3.21

SET SQL_MODE = "NO_AUTO_VALUE_ON_ZERO";
START TRANSACTION;
SET time_zone = "+00:00";


/*!40101 SET @OLD_CHARACTER_SET_CLIENT=@@CHARACTER_SET_CLIENT */;
/*!40101 SET @OLD_CHARACTER_SET_RESULTS=@@CHARACTER_SET_RESULTS */;
/*!40101 SET @OLD_COLLATION_CONNECTION=@@COLLATION_CONNECTION */;
/*!40101 SET NAMES utf8mb4 */;

--
-- Base de datos: `inkmaster_db`
--

-- --------------------------------------------------------

--
-- Estructura de tabla para la tabla `administrator`
--

DROP TABLE IF EXISTS `administrator`;
CREATE TABLE IF NOT EXISTS `administrator` (
  `id_administrator` varchar(100) NOT NULL,
  `id_local` int(11) NOT NULL,
  PRIMARY KEY (`id_administrator`),
  KEY `id_local` (`id_local`)
) ENGINE=MyISAM DEFAULT CHARSET=utf16;

--
-- Volcado de datos para la tabla `administrator`
--

INSERT INTO `administrator` (`id_administrator`, `id_local`) VALUES
('Administrador', 1);

-- --------------------------------------------------------

--
-- Estructura de tabla para la tabla `appointment`
--

DROP TABLE IF EXISTS `appointment`;
CREATE TABLE IF NOT EXISTS `appointment` (
  `id_appointment` int(11) NOT NULL AUTO_INCREMENT,
  `id_local` int(11) NOT NULL,
  `id_user` varchar(100) NOT NULL,
  `id_artist` varchar(100) NOT NULL,
  `date` date NOT NULL,
  `hour` time NOT NULL,
  `status` varchar(100) NOT NULL,
  `price` double DEFAULT NULL,
  `link` varchar(200) DEFAULT NULL,
  `id_calendar` varchar(100) DEFAULT NULL,
  `txt` varchar(100) DEFAULT NULL,
  PRIMARY KEY (`id_appointment`),
  KEY `id_local` (`id_local`),
  KEY `id_user` (`id_user`),
  KEY `id_artist` (`id_artist`)
) ENGINE=MyISAM AUTO_INCREMENT=4 DEFAULT CHARSET=utf16;

-- --------------------------------------------------------

--
-- Estructura de tabla para la tabla `artist`
--

DROP TABLE IF EXISTS `artist`;
CREATE TABLE IF NOT EXISTS `artist` (
  `id_artist` varchar(100) NOT NULL,
  `id_local` int(11) NOT NULL,
  `txt` varchar(300) NOT NULL,
  PRIMARY KEY (`id_artist`),
  KEY `id_local` (`id_local`)
) ENGINE=MyISAM DEFAULT CHARSET=utf16;

--
-- Volcado de datos para la tabla `artist`
--

INSERT INTO `artist` (`id_artist`, `id_local`, `txt`) VALUES
('Artista P', 1, 'soy el artista de prueba'),
('Artista B', 1, 'soy el artista de prueba'),
('Artista R', 1, 'soy el artista de prueba');

-- --------------------------------------------------------

--
-- Estructura de tabla para la tabla `calendar_link`
--

DROP TABLE IF EXISTS `calendar_link`;
CREATE TABLE IF NOT EXISTS `calendar_link` (
  `id_artist` varchar(100) NOT NULL,
  `link` varchar(100) NOT NULL,
  PRIMARY KEY (`id_artist`)
) ENGINE=MyISAM DEFAULT CHARSET=utf16;

--
-- Volcado de datos para la tabla `calendar_link`
--

INSERT INTO `calendar_link` (`id_artist`, `link`) VALUES
('Artista P', '2kh2fa1hufh640kggiaja7at10@group.calendar.google.com'),
('Artista B', '2kh2fa1hufh640kggiaja7at10@group.calendar.google.com'),
('Artista R', '2kh2fa1hufh640kggiaja7at10@group.calendar.google.com');

-- --------------------------------------------------------

--
-- Estructura de tabla para la tabla `faq`
--

DROP TABLE IF EXISTS `faq`;
CREATE TABLE IF NOT EXISTS `faq` (
  `id_faq` int(11) NOT NULL AUTO_INCREMENT,
  `question` varchar(100) NOT NULL,
  `answer` varchar(300) NOT NULL,
  `summary` varchar(300) NOT NULL,
  `visits` int(11) NOT NULL,
  PRIMARY KEY (`id_faq`)
) ENGINE=MyISAM AUTO_INCREMENT=2 DEFAULT CHARSET=utf16;

--
-- Volcado de datos para la tabla `faq`
--

INSERT INTO `faq` (`id_faq`, `question`, `answer`, `summary`, `visits`) VALUES
(1, '¿Cuánto tiempo tarda un tatuaje en curarse?', 'El tatuaje es una herida en la piel. El tiempo de cicatrización es diferente en cada caso, siendo lo normal entre dos y cuatro semanas. Los primeros días son fundamentales, por eso te damos un kit de cuidados con los elementos necesarios e instrucciones detalladas.', 'El tiempo que se brindará es aproximada', 2);

-- --------------------------------------------------------

--
-- Estructura de tabla para la tabla `local`
--

DROP TABLE IF EXISTS `local`;
CREATE TABLE IF NOT EXISTS `local` (
  `id_local` int(11) NOT NULL AUTO_INCREMENT,
  `direction` varchar(100) NOT NULL,
  `province` varchar(100) NOT NULL,
  `country` varchar(100) NOT NULL,
  `phone` varchar(100) NOT NULL,
  `email` varchar(100) DEFAULT NULL,
  `txt` varchar(500) DEFAULT NULL,
  PRIMARY KEY (`id_local`)
) ENGINE=MyISAM AUTO_INCREMENT=2 DEFAULT CHARSET=utf16;

--
-- Volcado de datos para la tabla `local`
--

INSERT INTO `local` (`id_local`, `direction`, `province`, `country`, `phone`, `email`, `txt`) VALUES
(1, 'San Martín 498, Luján', 'Buenos Aires', 'Argentina', '2323433247', 'home@inkmaster.com', 'En INK MASTER desde 2018 nos ocupados de ofrecerles contenido de calidad. Contamos con diseños de todo tipo, incluidos tradicionales, japoneses, retratos, negros y grises, tribales y más.');

-- --------------------------------------------------------

--
-- Estructura de tabla para la tabla `medical_record`
--

DROP TABLE IF EXISTS `medical_record`;
CREATE TABLE IF NOT EXISTS `medical_record` (
  `id_medical_record` int(11) NOT NULL AUTO_INCREMENT,
  `id_user` varchar(100) NOT NULL,
  `considerations` varchar(100) NOT NULL,
  PRIMARY KEY (`id_medical_record`),
  KEY `id_user` (`id_user`)
) ENGINE=MyISAM AUTO_INCREMENT=2 DEFAULT CHARSET=utf16;

-- --------------------------------------------------------

--
-- Estructura de tabla para la tabla `message`
--

DROP TABLE IF EXISTS `message`;
CREATE TABLE IF NOT EXISTS `message` (
  `id_message` int(11) NOT NULL AUTO_INCREMENT,
  `id_user` varchar(100) NOT NULL,
  `id_artist` varchar(100) NOT NULL,
  `txt` varchar(300) NOT NULL,
  PRIMARY KEY (`id_message`),
  KEY `id_user` (`id_user`),
  KEY `id_artist` (`id_artist`)
) ENGINE=MyISAM DEFAULT CHARSET=utf16;

-- --------------------------------------------------------

--
-- Estructura de tabla para la tabla `permission`
--

DROP TABLE IF EXISTS `permission`;
CREATE TABLE IF NOT EXISTS `permission` (
  `id_permission` varchar(20) NOT NULL,
  `txt` varchar(100) NOT NULL,
  PRIMARY KEY (`id_permission`)
) ENGINE=MyISAM DEFAULT CHARSET=utf16;

--
-- Volcado de datos para la tabla `permission`
--

INSERT INTO `permission` (`id_permission`, `txt`) VALUES
('appointment.acept', 'Confirmar los turnos correspondientes'),
('appointment.edit', 'Editar los turnos correspondientes'),
('appointment.delete', 'Cancelar los turnos correspondientes'),
('user.new', 'Crear un nuevo usuario'),
('user.list', 'Listar usuarios existentes'),
('user.view', 'Visualizar la información perteneciente a un usuario'),
('user.edit', 'Editar la información pertenenciente a un usuario'),
('user.delete', 'Deshabilitar a un usuario'),
('artist.new', 'Crear un nuevo artista'),
('artist.edit', 'Editar la información de un artista'),
('artist.delete', 'Deshabilitar a un artista'),
('tattoo.new', 'Añadir la imagen de un nuevo tattoo'),
('tattoo.delete', 'Eliminar la imagen de un tattoo');
('faq.new', 'Crear una nueva pregunta frecuente'),
('faq.edit', 'Editar una pregunta frecuente'),
('faq.delete', 'Eliminar una pregunta frecuente'),

-- --------------------------------------------------------

--
-- Estructura de tabla para la tabla `permission_rol`
--

DROP TABLE IF EXISTS `permission_rol`;
CREATE TABLE IF NOT EXISTS `permission_rol` (
  `id_permission_rol` int(11) NOT NULL AUTO_INCREMENT,
  `id_permission` varchar(20) NOT NULL,
  `id_rol` varchar(20) NOT NULL,
  PRIMARY KEY (`id_permission_rol`),
  KEY `id_permission` (`id_permission`),
  KEY `id_rol` (`id_rol`)
) ENGINE=MyISAM AUTO_INCREMENT=18 DEFAULT CHARSET=utf16;

--
-- Volcado de datos para la tabla `permission_rol`
--

INSERT INTO `permission_rol` (`id_permission_rol`, `id_permission`, `id_rol`) VALUES
(1, 'user.new', 'administrator'),
(2, 'user.list', 'administrator'),
(3, 'user.view', 'administrator'),
(4, 'artist.new', 'administrator'),
(5, 'artist.delete', 'administrator'),
(6, 'faq.new', 'administrator'),
(7, 'faq.edit', 'administrator'),
(8, 'faq.delete', 'administrator'),
(9, 'appointment.acept', 'artist'),
(10, 'appointment.edit', 'artist'),
(11, 'appointment.delete', 'artist'),
(12, 'artist.edit', 'artist'),
(13, 'tattoo.new', 'artist'),
(14, 'tattoo.delete', 'artist');
(15, 'user.edit', 'user'),
(16, 'user.delete', 'user'),
(17, 'user.view', 'user'),

-- --------------------------------------------------------

--
-- Estructura de tabla para la tabla `reference_image`
--

DROP TABLE IF EXISTS `reference_image`;
CREATE TABLE IF NOT EXISTS `reference_image` (
  `id_reference_image` int(11) NOT NULL AUTO_INCREMENT,
  `id_appointment` int(11) NOT NULL,
  `image` mediumblob NOT NULL,
  PRIMARY KEY (`id_reference_image`),
  KEY `id_appointment` (`id_appointment`)
) ENGINE=MyISAM AUTO_INCREMENT=3 DEFAULT CHARSET=utf16;

-- --------------------------------------------------------

--
-- Estructura de tabla para la tabla `rol`
--

DROP TABLE IF EXISTS `rol`;
CREATE TABLE IF NOT EXISTS `rol` (
  `id_rol` varchar(20) NOT NULL,
  `txt` varchar(100) NOT NULL,
  PRIMARY KEY (`id_rol`)
) ENGINE=MyISAM DEFAULT CHARSET=utf16;

--
-- Volcado de datos para la tabla `rol`
--

INSERT INTO `rol` (`id_rol`, `txt`) VALUES
('user', 'Rol de usuario'),
('artist', 'Rol de artista'),
('administrator', 'Rol de administrador');

-- --------------------------------------------------------

--
-- Estructura de tabla para la tabla `rol_user`
--

DROP TABLE IF EXISTS `rol_user`;
CREATE TABLE IF NOT EXISTS `rol_user` (
  `id_rol_user` int(11) NOT NULL AUTO_INCREMENT,
  `id_rol` varchar(20) NOT NULL,
  `id_user` varchar(20) NOT NULL,
  PRIMARY KEY (`id_rol_user`),
  KEY `id_rol` (`id_rol`),
  KEY `id_user` (`id_user`)
) ENGINE=MyISAM AUTO_INCREMENT=25 DEFAULT CHARSET=utf16;

--
-- Volcado de datos para la tabla `rol_user`
--

INSERT INTO `rol_user` (`id_rol_user`, `id_rol`, `id_user`) VALUES
(17, 'artist', 'Artista P'),
(16, 'user', 'Artista P'),
(15, 'administrator', 'Administrador'),
(14, 'user', 'Administrador'),
(19, 'user', 'LucianoP'),
(21, 'user', 'Artista B'),
(22, 'artist', 'Artista B'),
(23, 'user', 'Artista R'),
(24, 'artist', 'Artista R');

-- --------------------------------------------------------

--
-- Estructura de tabla para la tabla `tattoo`
--

DROP TABLE IF EXISTS `tattoo`;
CREATE TABLE IF NOT EXISTS `tattoo` (
  `id_tattoo` int(11) NOT NULL AUTO_INCREMENT,
  `id_artist` varchar(100) NOT NULL,
  `id_appointment` int(11) DEFAULT NULL,
  `sector` varchar(20) NOT NULL,
  `image` mediumblob NOT NULL,
  `txt` varchar(200) NOT NULL,
  PRIMARY KEY (`id_tattoo`),
  KEY `id_artist` (`id_artist`),
  KEY `id_appointment` (`id_appointment`)
) ENGINE=MyISAM AUTO_INCREMENT=44 DEFAULT CHARSET=utf16;

-- --------------------------------------------------------

--
-- Estructura de tabla para la tabla `user`
--

DROP TABLE IF EXISTS `user`;
CREATE TABLE IF NOT EXISTS `user` (
  `id_user` varchar(100) NOT NULL,
  `password` varchar(100) NOT NULL,
  `first_name` varchar(100) NOT NULL,
  `last_name` varchar(100) NOT NULL,
  `born` date NOT NULL,
  `nro_doc` varchar(100) NOT NULL,
  `phone` varchar(50) DEFAULT NULL,
  `direction` varchar(100) DEFAULT NULL,
  `email` varchar(100) NOT NULL,
  `photo` mediumblob DEFAULT NULL,
  `enabled` tinyint(1) NOT NULL DEFAULT 1,
  PRIMARY KEY (`id_user`)
) ENGINE=MyISAM DEFAULT CHARSET=utf16;

--
-- Volcado de datos para la tabla `user`
--

INSERT INTO `user` (`id_user`, `password`, `first_name`, `last_name`, `born`, `nro_doc`, `phone`, `direction`, `email`, `photo`, `enabled`) VALUES
('Artista P', '$2y$10$SU2Jp56K3GTWIPAXEYnIietg/uIhxPgHQs21AYdj8sITNH61ICYDS', 'Artista', 'Prueba', '1990-01-01', '40404040', '2323232323', 'Argentina', 'artista@gmail.com', 0x89504e470d0a1a0a0000000d49484452000000e1000000e10803000000096d224800000090504c5445fffffff64747f63939f64545f64141f63e3ef64343f63d3df64040f63b3bf63838f53333fee8e8f63636fffafafef4f4fddadafdd5d5fdddddfccdcdf87777f87171faa6a6f75656f64b4bfeefeffde2e2faa4a4f98787fcc3c3f75c5cfccacaf98e8ef99494fbb7b7fa9e9ef76262f87a7af98282fbbabaf76a6af76060f87272f99191f65151fcc4c4fbaeaefa9999f800061d00000ef949444154789ced5deb7af2aa125608684e6ab49eb555abd6f6b3f5feef6eab05124fc9cc40b46b3fbe3ff67ad65e353030cc99a15279e289279e78e289279e78e28927fe6fd08cdaad24e9ecf176f89f24698da2e6a327e508ed696fb2ac7aa2e6b303822038fed3af098fbfbeec3e92ff30a1cdd6cfec358e59ad2e39e7d573ecff3fe90916878355af337cf464d118beedbad5d8afcb0bc22ec1bd5a2096b3efe8d19386a3d5db54833d1302a833544a11c8e5b8fde8a94390ec06714d62a84ba9acc572963c9a807c8cc6fd5050a833548ab03f1e3d9a8c5b684c37ac9673f07816b7ff4cd6fccd47e3d1c45cc1705e65d78ede5e62d66bec17bf9247d67df5ef47297be5271e1becfe9a746dadaf7127df6b0331584e7ad3a41d35b3fbd2d89b009de978b2dcd6d83599b4e7d6c95f62d6e42bae5f52e7c7d5eeee7b94afd19ba3e9aecbafc92611af5a779a7f11922fe65d6c4110747b2da8b9d2dceb9738a89f13e9f9abbfa03ea2557c469f14fe60f68695158db7c980895341c5ebf1fad1e7b1393fe34f2e587f47e5ae64de0fce8e739d8d1f6ab87e0cfc930949569b243692bed19979ec6423b9bf9d3a9b2f16a30dcbd2c7bdb0bfb05ff0e6621b9e485719bc3c8855dfc3ec01e4a2f6e2cae24a5e6a27ccea853d475fc6a0fdc94ee8131397726f3413591a79b0b9bb76ec89ec06d6e3996bdf279a055919e6c985e301f2d13c39815ebc2ec3b78bd6593dc483973b1aab1d99595ec93665d91eed6e56ae8ac1dd6c9c7190d9c07285f9773fa38ea4ff53e25019ace3cca0e1bc5cde69ec32accae359a983fd227aada523b2cff20dc7d13273e6fd4de9164eab9a2ea9f4dfcb1eee88acdcae6f4b5ed3b78c13eff7ef75f25baf7ebaacf55223391f29c3f070723fe9dd9884666029deca1be8273bce7d35f087e7a56b5bdad0bd30d54dfd7bfba6a357513a89bdc010c8ba3491d61c46d17048fced973184795c0a893da3067930c3ce2e59cc5ffa55e9797551f73cbeddfc5be04de9593a83b804ddff63589433d4e79bd3793f8c7de1c94cb8540a3fe43b2c913f46d095c0a81f298131c24c6b7caf6420ae8789b908b016fb47ba8ba16363f12d5dbd182eac1be3edd528714aa3f840cec34873ee779034e4a255d31fc628dc9ef08b72183c449a458961082e1c8af3e1c07cd60313d8e933488e269ee3e6d231bebf1cb80bdfbc6a6dcb633081ef0c921ddd83ad7002a76318d55ba229b98189f626e067b0b1016de0ef44c5768d31c4be0d89fe8442ce257ab1269041e5d7b02f6ed173059c7bb17887b35c6a1dbb518b1df3bd00fabde6e745a2a6904abfd6035bf299357720509b557d9ed83fe86f36981d3434b225583b4eb40127abf61ef1979ead7881fe64c66e51910fcf07cb31b386f52e8dac143fdadcf65ea1abf51ddf22a1701bc1a2bad9379c65791447da24e11e54a637b7403571059243476969b568abf8975a13c2cdc077ff2601c5f03ea1c32c42f44fae61ac79d49f417f12c115e135b01d74a0b5d6d2cc221e1669ddeabd8225f9ae7673f620845081da304731a4676dba8a4711bcde2834b60b505f43874af450de86465ea532d53ccae0e9bb0fa2a630e002ac15cd8967481f4cc308458c85bba10b52851afc58bdaac13851efeb25e2319ccf87a49abd1348f8996f6979ea83e5d3c96475c40013bbffb665d23d02b882fba7c41a8f2909ccb5b29e651f11dbfe47b148cf80c8a135065ad8804dca146d6d7b318cef667f0cf7b3054bd38c608bf1399495d214de17e247c381f5313c300d62c40d659a47b4b4b28931665f4436bab38811c72231ac864d49add429140896a954de829bd3460065a3e8896237519f42ce5042eac7c6ea3688318efb486f22f2244e944c1433d4cfde2d8dd25fb06fca54e1e6de0143a54a1126d4117307ca026b84455a628498f0a9de0be4165626e808d435208b4a0cbf210c1bad48b940fa25ebf362e17b50d85629073e80cbe0a9d2a3684b61f5080a2b5f6a5404776bbf3044eb1837142273831d25353c70dc6da4ce2ecab878208595ad62531f7aa8c64aab31749ed5cd3904270f347ed4a9aa8d813f5001102ed07ee5cc892c0db00533cd1a8ee912c5d658555171a50fe1293c0dada542985db353d30cf0598fb1139b061c6e33e8287b18a812ab7acbf1555d8eec52f4c03ab2c8ab90bf6e29535620d3cf074c1d0431f69a1b3fb08e2d807c3dcd696887ab92ae8e152421fc99a8a5f52171cfa524afe4de0a7640619d92bb567626647522150faccf08e334b70ea21860ad968592a69c173b18df4a2c210a8332701189422bfc03747401a04bd599e5788176800ba30611804ed180cb47750c29c7bd92ea520bf0012944bf81ce7ba80ca01aed2e95756206e3219c40a9002e8a0ee29bda6d4284f580b6bd30a5e8e14a1a562c0c63f5d4527062216fd55a989204cd7e6475efbdd07d561e1e9155d2841719bc4ecce8aa83589813509a1313d53981b5ff8477bb15945fc30b7edf549e132e649981b5a811e0caab33689b38cc5773eabcf21a35f96f6d9992d776a4845c81f1adb6806fc9e56261ceec2108a923ebbc5781a47aff656649ae4d6d3e8cc2cae7afa82910a64a9492ccfb23ac93c044755831166341f045097ba24573f0d36cf521a7f8a54728aba640d171102fdf44c35a1dee4fc827f14e9c9221f9eaa6a94a11a9eb98d89ec2038001b30b749494e4797f14a99a4646ac68746078d319a8a528f4f278a0ad6334c4fbf50b17510c7ca8fd172345616eceb3a5e3f94491ed844274da4261a829ccb35654c88a33e26177b387c43abc868eb7e51d3143216d8cc79ec38ad254b9f5f09a429f3846e2225e8a4f5b28308022d002d7238e1139d843ee53db88a8b467ee2d134da1248ee1225ecafb54cb5400285451475882e31a5eeca389de8a3ab88a65e7864c35859488fe110e440d55941a93134421790f9b793d1f41a0563457607b687b0e0f172b2d296494acc52fea08494395a57b6ced4ea2b7a50f5d035068ab0ff78806363eb01858749c82e8435b9be680e825a69e451eaf6c2e2fa328b46acc32a55aa7647bed086397e65168eb5b28104b147115a21768422c6f5bff508158b060b785a97f98e73dd9faf8fa33240a9115d717d03e7e3def2cdbc6691468012972084ac128f3dccf58c6da3466148d41a8323b813a1b0526e7a765bc54e18dc2a6b677eb55bcb4205ebfb68d79ffa249b83b43ccdfa75012bc4022c3d6a1186bbcbeb05d555d6351c07f86972dd7b3850f0d5303c11adafb2e9021eaae0cba48ff0268694acefd6a8c94e15d74a7488592c8794a0d74638580ecf82a68f68b0bfe4ead3d398f7ffe2128f8d6b647a12a5692af057fa70412b916c3a083bbc616587727eb02d580aaf2b51635e9b539106ced99b492a7b09ea6655713954184e93d40ab84244ddc2c857d8ff0055cd83868f8d453cc575ccca5d8197faff6122ba875ea118ae66fcc1b5053a94b8becdcfc23d23639f99055fb76e08d185ccc658a6d1df4986a5d3cca710d7ce0a0a37c27064f7ba80e22b9fa2a0b50c930e6fefd4d287f8d5701a12c55e3c72d029706300a09fd102ea09c195023177ddfc277d0e919745bcf855033f72d209733cd9d196bc30d4aa1b5fd94d697c3aae0552403d145e5264014128be6b330f79e6049337dc5ce321c75c0bd284cf4dd3558a3198bfb87e7805168dfa45347be426014545fab95f6d6378842ab866b07e82068a1e7a4a1fb0dd0b3b11aa0a4b73d850bcccdb503cc5d6ee892dcc4178842eb6194b78da8ddd66d6d6c8343e6627f3e85b676770b7d1fdfd41bd0cb22144057d9b82d85fab423824bda49b40eb9c128a497cd1f3112f8be18c644b035bf97200a2dbb56ebd272442bbb4c7f1acfce730305dcb8b41a24d22d5651fd690c6bd7c895f307005b7f312b8136d7bd7470919096e91365c3412d580a0ac55ee718eadb01a8a6649554932157e614c0cb17166550698721b4dcd70e17d8d4bbf60d6850d862194786d9d0acae9535dd3f6d0ec081fd901c14d2762121509090fa2666b18107bdb9242a5e936cc69ec203f4ea508daa174c9f13498bb7995ec2a4529cc8aafde970896be422eb1456d195903c20a954ddfe94d26b792ab1258a3cc4975d469426b219987203f44b19d18a7285cd7fc5864db40f44ce9469c71259d57af10a321412f9da67cfcc8fecaaeb9ef3bc065736c37751235742d7d91c4e635bb7d6b708478eb4b0014716a31db76a59ce450dfa6a7cc3bc7e83ef2b9562a7f90096e06bad2df6cfd028ba20fd3f33fdcaadde9934ee4f58c8ea8de96b98f77c159c462fdefe148a8ef46d04bb6024f81989e87d103be8bea38964debffcf1cc1b5bd60f5b197925f32eeb74569eed8b01e7340a7f9353dc943e1382e8f97f035ae754c52d13bcf1d3cf7d5d8d4aa3c706e35bdea9c377662a4393c765b36bff7d34f7a1af73e189f4c3f5551e5c6b29e3202e7f487be7bcf7d45905c2fdf665508fbb97cc6a9e4e71f2ded3c9f7ce0292d36519ec79068ff57f4eb5f18759f3987e85e804a66a849fb4285a5483b2d8f314d2f7c619667c333756846dc45aa3d1376fe79922fec6621b94be7d06dcf77a9ac6c410e8d9166ca688b8de2c59fd25f1a35f9a78b94123dbfeda1c2df34688b48bb39e226de821f9dec5697dde99bee3c86cb93f232db3d81cfe861904d3cc3ba4bd75787ffa8e3486aff3741ed645be675864de7376d20e9904991659b97f2eb7e7a26d893b84f6b5931778bfa3ec2c446ce531ddc2d8c9f31c4e500e817f8851b18f086348fc0b8ccacb38831a1fd68dae1c1048edd003c39bff18559825d0f193e3e748aa8fd3860778d2a925730dc357279de589107d87b6e84dacc9f7ed6dc1d98b7d452804e307c91b5e961abc44873b79c702098f948023a289783add1138dbd8151661f173670f4312538416687fbae85c06053eb7e802bbf05edbe8850eee0d50305adee53472b6b44c4d586051b5cea615a256b57c3ddd0ec37f71b9aceac5ffee2b422f11754ba4d18bbb0eeeb55923e9b27268f458f71112f41a92af12f671bf7f4ed22e8e90ac43a739282ec2afbfb27f1ad1bcea2c102e999cddc34bc2a2b9d830071bc945b05938c87b9683f66e1b5b11c9ebf160e7e06a6799e8cc642c486fc87329e2fae42f49979b48de3f3d564751b9a72ee0cbf7bf265c72107d4c3e592040397059f763b9f9f7fd17654b2e1ac3eff72f19c6fe9ece032eb68d73e9091687fd492ff9b392a518c3ce62deddee4911beef33c682801de1fba22efbabf78fd67d624ba5a3198ddaad24e974de3a4724497bf4688bfa89279e78e289279e78e289279e7088ff01d7f0e09d9c099db60000000049454e44ae426082, 1),
('Administrador', '$2y$10$PU82pJ8Ck4N8.aa1lpMs9.7W/Z5o/Mnj5P5avsh1kW9pARSmvqbEm', 'Administrador', 'Administrador', '1990-01-01', '40404040', '2323232323', 'Argentina', 'administrador@gmail.com', 0x89504e470d0a1a0a0000000d49484452000000e1000000e10803000000096d224800000090504c5445fffffff64747f63939f64545f64141f63e3ef64343f63d3df64040f63b3bf63838f53333fee8e8f63636fffafafef4f4fddadafdd5d5fdddddfccdcdf87777f87171faa6a6f75656f64b4bfeefeffde2e2faa4a4f98787fcc3c3f75c5cfccacaf98e8ef99494fbb7b7fa9e9ef76262f87a7af98282fbbabaf76a6af76060f87272f99191f65151fcc4c4fbaeaefa9999f800061d00000ef949444154789ced5deb7af2aa125608684e6ab49eb555abd6f6b3f5feef6eab05124fc9cc40b46b3fbe3ff67ad65e353030cc99a15279e289279e78e289279e78e28927fe6fd08cdaad24e9ecf176f89f24698da2e6a327e508ed696fb2ac7aa2e6b303822038fed3af098fbfbeec3e92ff30a1cdd6cfec358e59ad2e39e7d573ecff3fe90916878355af337cf464d118beedbad5d8afcb0bc22ec1bd5a2096b3efe8d19386a3d5db54833d1302a833544a11c8e5b8fde8a94390ec06714d62a84ba9acc572963c9a807c8cc6fd5050a833548ab03f1e3d9a8c5b684c37ac9673f07816b7ff4cd6fccd47e3d1c45cc1705e65d78ede5e62d66bec17bf9247d67df5ef47297be5271e1becfe9a746dadaf7127df6b0331584e7ad3a41d35b3fbd2d89b009de978b2dcd6d83599b4e7d6c95f62d6e42bae5f52e7c7d5eeee7b94afd19ba3e9aecbafc92611af5a779a7f11922fe65d6c4110747b2da8b9d2dceb9738a89f13e9f9abbfa03ea2557c469f14fe60f68695158db7c980895341c5ebf1fad1e7b1393fe34f2e587f47e5ae64de0fce8e739d8d1f6ab87e0cfc930949569b243692bed19979ec6423b9bf9d3a9b2f16a30dcbd2c7bdb0bfb05ff0e6621b9e485719bc3c8855dfc3ec01e4a2f6e2cae24a5e6a27ccea853d475fc6a0fdc94ee8131397726f3413591a79b0b9bb76ec89ec06d6e3996bdf279a055919e6c985e301f2d13c39815ebc2ec3b78bd6593dc483973b1aab1d99595ec93665d91eed6e56ae8ac1dd6c9c7190d9c07285f9773fa38ea4ff53e25019ace3cca0e1bc5cde69ec32accae359a983fd227aada523b2cff20dc7d13273e6fd4de9164eab9a2ea9f4dfcb1eee88acdcae6f4b5ed3b78c13eff7ef75f25baf7ebaacf55223391f29c3f070723fe9dd9884666029deca1be8273bce7d35f087e7a56b5bdad0bd30d54dfd7bfba6a357513a89bdc010c8ba3491d61c46d17048fced973184795c0a893da3067930c3ce2e59cc5ffa55e9797551f73cbeddfc5be04de9593a83b804ddff63589433d4e79bd3793f8c7de1c94cb8540a3fe43b2c913f46d095c0a81f298131c24c6b7caf6420ae8789b908b016fb47ba8ba16363f12d5dbd182eac1be3edd528714aa3f840cec34873ee779034e4a255d31fc628dc9ef08b72183c449a458961082e1c8af3e1c07cd60313d8e933488e269ee3e6d231bebf1cb80bdfbc6a6dcb633081ef0c921ddd83ad7002a76318d55ba229b98189f626e067b0b1016de0ef44c5768d31c4be0d89fe8442ce257ab1269041e5d7b02f6ed173059c7bb17887b35c6a1dbb518b1df3bd00fabde6e745a2a6904abfd6035bf299357720509b557d9ed83fe86f36981d3434b225583b4eb40127abf61ef1979ead7881fe64c66e51910fcf07cb31b386f52e8dac143fdadcf65ea1abf51ddf22a1701bc1a2bad9379c65791447da24e11e54a637b7403571059243476969b568abf8975a13c2cdc077ff2601c5f03ea1c32c42f44fae61ac79d49f417f12c115e135b01d74a0b5d6d2cc221e1669ddeabd8225f9ae7673f620845081da304731a4676dba8a4711bcde2834b60b505f43874af450de86465ea532d53ccae0e9bb0fa2a630e002ac15cd8967481f4cc308458c85bba10b52851afc58bdaac13851efeb25e2319ccf87a49abd1348f8996f6979ea83e5d3c96475c40013bbffb665d23d02b882fba7c41a8f2909ccb5b29e651f11dbfe47b148cf80c8a135065ad8804dca146d6d7b318cef667f0cf7b3054bd38c608bf1399495d214de17e247c381f5313c300d62c40d659a47b4b4b28931665f4436bab38811c72231ac864d49add429140896a954de829bd3460065a3e8896237519f42ce5042eac7c6ea3688318efb486f22f2244e944c1433d4cfde2d8dd25fb06fca54e1e6de0143a54a1126d4117307ca026b84455a628498f0a9de0be4165626e808d435208b4a0cbf210c1bad48b940fa25ebf362e17b50d85629073e80cbe0a9d2a3684b61f5080a2b5f6a5404776bbf3044eb1837142273831d25353c70dc6da4ce2ecab878208595ad62531f7aa8c64aab31749ed5cd3904270f347ed4a9aa8d813f5001102ed07ee5cc892c0db00533cd1a8ee912c5d658555171a50fe1293c0dada542985db353d30cf0598fb1139b061c6e33e8287b18a812ab7acbf1555d8eec52f4c03ab2c8ab90bf6e29535620d3cf074c1d0431f69a1b3fb08e2d807c3dcd696887ab92ae8e152421fc99a8a5f52171cfa524afe4de0a7640619d92bb567626647522150faccf08e334b70ea21860ad968592a69c173b18df4a2c210a8332701189422bfc03747401a04bd599e5788176800ba30611804ed180cb47750c29c7bd92ea520bf0012944bf81ce7ba80ca01aed2e95756206e3219c40a9002e8a0ee29bda6d4284f580b6bd30a5e8e14a1a562c0c63f5d4527062216fd55a989204cd7e6475efbdd07d561e1e9155d2841719bc4ecce8aa83589813509a1313d53981b5ff8477bb15945fc30b7edf549e132e649981b5a811e0caab33689b38cc5773eabcf21a35f96f6d9992d776a4845c81f1adb6806fc9e56261ceec2108a923ebbc5781a47aff656649ae4d6d3e8cc2cae7afa82910a64a9492ccfb23ac93c044755831166341f045097ba24573f0d36cf521a7f8a54728aba640d171102fdf44c35a1dee4fc827f14e9c9221f9eaa6a94a11a9eb98d89ec2038001b30b749494e4797f14a99a4646ac68746078d319a8a528f4f278a0ad6334c4fbf50b17510c7ca8fd172345616eceb3a5e3f94491ed844274da4261a829ccb35654c88a33e26177b387c43abc868eb7e51d3143216d8cc79ec38ad254b9f5f09a429f3846e2225e8a4f5b28308022d002d7238e1139d843ee53db88a8b467ee2d134da1248ee1225ecafb54cb5400285451475882e31a5eeca389de8a3ab88a65e7864c35859488fe110e440d55941a93134421790f9b793d1f41a0563457607b687b0e0f172b2d296494acc52fea08494395a57b6ced4ea2b7a50f5d035068ab0ff78806363eb01858749c82e8435b9be680e825a69e451eaf6c2e2fa328b46acc32a55aa7647bed086397e65168eb5b28104b147115a21768422c6f5bff508158b060b785a97f98e73dd9faf8fa33240a9115d717d03e7e3def2cdbc6691468012972084ac128f3dccf58c6da3466148d41a8323b813a1b0526e7a765bc54e18dc2a6b677eb55bcb4205ebfb68d79ffa249b83b43ccdfa75012bc4022c3d6a1186bbcbeb05d555d6351c07f86972dd7b3850f0d5303c11adafb2e9021eaae0cba48ff0268694acefd6a8c94e15d74a7488592c8794a0d74638580ecf82a68f68b0bfe4ead3d398f7ffe2128f8d6b647a12a5692af057fa70412b916c3a083bbc616587727eb02d580aaf2b51635e9b539106ced99b492a7b09ea6655713954184e93d40ab84244ddc2c857d8ff0055cd83868f8d453cc575ccca5d8197faff6122ba875ea118ae66fcc1b5053a94b8becdcfc23d23639f99055fb76e08d185ccc658a6d1df4986a5d3cca710d7ce0a0a37c27064f7ba80e22b9fa2a0b50c930e6fefd4d287f8d5701a12c55e3c72d029706300a09fd102ea09c195023177ddfc277d0e919745bcf855033f72d209733cd9d196bc30d4aa1b5fd94d697c3aae0552403d145e5264014128be6b330f79e6049337dc5ce321c75c0bd284cf4dd3558a3198bfb87e7805168dfa45347be426014545fab95f6d6378842ab866b07e82068a1e7a4a1fb0dd0b3b11aa0a4b73d850bcccdb503cc5d6ee892dcc4178842eb6194b78da8ddd66d6d6c8343e6627f3e85b676770b7d1fdfd41bd0cb22144057d9b82d85fab423824bda49b40eb9c128a497cd1f3112f8be18c644b035bf97200a2dbb56ebd272442bbb4c7f1acfce730305dcb8b41a24d22d5651fd690c6bd7c895f307005b7f312b8136d7bd7470919096e91365c3412d580a0ac55ee718eadb01a8a6649554932157e614c0cb17166550698721b4dcd70e17d8d4bbf60d6850d862194786d9d0acae9535dd3f6d0ec081fd901c14d2762121509090fa2666b18107bdb9242a5e936cc69ec203f4ea508daa174c9f13498bb7995ec2a4529cc8aafde970896be422eb1456d195903c20a954ddfe94d26b792ab1258a3cc4975d469426b219987203f44b19d18a7285cd7fc5864db40f44ce9469c71259d57af10a321412f9da67cfcc8fecaaeb9ef3bc065736c37751235742d7d91c4e635bb7d6b708478eb4b0014716a31db76a59ce450dfa6a7cc3bc7e83ef2b9562a7f90096e06bad2df6cfd028ba20fd3f33fdcaadde9934ee4f58c8ea8de96b98f77c159c462fdefe148a8ef46d04bb6024f81989e87d103be8bea38964debffcf1cc1b5bd60f5b197925f32eeb74569eed8b01e7340a7f9353dc943e1382e8f97f035ae754c52d13bcf1d3cf7d5d8d4aa3c706e35bdea9c377662a4393c765b36bff7d34f7a1af73e189f4c3f5551e5c6b29e3202e7f487be7bcf7d45905c2fdf665508fbb97cc6a9e4e71f2ded3c9f7ce0292d36519ec79068ff57f4eb5f18759f3987e85e804a66a849fb4285a5483b2d8f314d2f7c619667c333756846dc45aa3d1376fe79922fec6621b94be7d06dcf77a9ac6c410e8d9166ca688b8de2c59fd25f1a35f9a78b94123dbfeda1c2df34688b48bb39e226de821f9dec5697dde99bee3c86cb93f232db3d81cfe861904d3cc3ba4bd75787ffa8e3486aff3741ed645be675864de7376d20e9904991659b97f2eb7e7a26d893b84f6b5931778bfa3ec2c446ce531ddc2d8c9f31c4e500e817f8851b18f086348fc0b8ccacb38831a1fd68dae1c1048edd003c39bff18559825d0f193e3e748aa8fd3860778d2a925730dc357279de589107d87b6e84dacc9f7ed6dc1d98b7d452804e307c91b5e961abc44873b79c702098f948023a289783add1138dbd8151661f173670f4312538416687fbae85c06053eb7e802bbf05edbe8850eee0d50305adee53472b6b44c4d586051b5cea615a256b57c3ddd0ec37f71b9aceac5ffee2b422f11754ba4d18bbb0eeeb55923e9b27268f458f71112f41a92af12f671bf7f4ed22e8e90ac43a739282ec2afbfb27f1ad1bcea2c102e999cddc34bc2a2b9d830071bc945b05938c87b9683f66e1b5b11c9ebf160e7e06a6799e8cc642c486fc87329e2fae42f49979b48de3f3d564751b9a72ee0cbf7bf265c72107d4c3e592040397059f763b9f9f7fd17654b2e1ac3eff72f19c6fe9ece032eb68d73e9091687fd492ff9b392a518c3ce62deddee4911beef33c682801de1fba22efbabf78fd67d624ba5a3198ddaad24e974de3a4724497bf4688bfa89279e78e289279e78e289279e7088ff01d7f0e09d9c099db60000000049454e44ae426082, 1),
('LucianoP', '$2y$10$qQ2FUc/pAPIKxLz0dDcr/.QnTYhN57oqjnxwTzvnnC3WfBvH2rxOq', 'Luciano', 'Palmieri', '1997-07-13', '40456065', '2323553166', 'Felix de Amador 292', 'luciano.palmieri.97@gmail.com', 0x89504e470d0a1a0a0000000d49484452000000e1000000e10803000000096d224800000090504c5445fffffff64747f63939f64545f64141f63e3ef64343f63d3df64040f63b3bf63838f53333fee8e8f63636fffafafef4f4fddadafdd5d5fdddddfccdcdf87777f87171faa6a6f75656f64b4bfeefeffde2e2faa4a4f98787fcc3c3f75c5cfccacaf98e8ef99494fbb7b7fa9e9ef76262f87a7af98282fbbabaf76a6af76060f87272f99191f65151fcc4c4fbaeaefa9999f800061d00000ef949444154789ced5deb7af2aa125608684e6ab49eb555abd6f6b3f5feef6eab05124fc9cc40b46b3fbe3ff67ad65e353030cc99a15279e289279e78e289279e78e28927fe6fd08cdaad24e9ecf176f89f24698da2e6a327e508ed696fb2ac7aa2e6b303822038fed3af098fbfbeec3e92ff30a1cdd6cfec358e59ad2e39e7d573ecff3fe90916878355af337cf464d118beedbad5d8afcb0bc22ec1bd5a2096b3efe8d19386a3d5db54833d1302a833544a11c8e5b8fde8a94390ec06714d62a84ba9acc572963c9a807c8cc6fd5050a833548ab03f1e3d9a8c5b684c37ac9673f07816b7ff4cd6fccd47e3d1c45cc1705e65d78ede5e62d66bec17bf9247d67df5ef47297be5271e1becfe9a746dadaf7127df6b0331584e7ad3a41d35b3fbd2d89b009de978b2dcd6d83599b4e7d6c95f62d6e42bae5f52e7c7d5eeee7b94afd19ba3e9aecbafc92611af5a779a7f11922fe65d6c4110747b2da8b9d2dceb9738a89f13e9f9abbfa03ea2557c469f14fe60f68695158db7c980895341c5ebf1fad1e7b1393fe34f2e587f47e5ae64de0fce8e739d8d1f6ab87e0cfc930949569b243692bed19979ec6423b9bf9d3a9b2f16a30dcbd2c7bdb0bfb05ff0e6621b9e485719bc3c8855dfc3ec01e4a2f6e2cae24a5e6a27ccea853d475fc6a0fdc94ee8131397726f3413591a79b0b9bb76ec89ec06d6e3996bdf279a055919e6c985e301f2d13c39815ebc2ec3b78bd6593dc483973b1aab1d99595ec93665d91eed6e56ae8ac1dd6c9c7190d9c07285f9773fa38ea4ff53e25019ace3cca0e1bc5cde69ec32accae359a983fd227aada523b2cff20dc7d13273e6fd4de9164eab9a2ea9f4dfcb1eee88acdcae6f4b5ed3b78c13eff7ef75f25baf7ebaacf55223391f29c3f070723fe9dd9884666029deca1be8273bce7d35f087e7a56b5bdad0bd30d54dfd7bfba6a357513a89bdc010c8ba3491d61c46d17048fced973184795c0a893da3067930c3ce2e59cc5ffa55e9797551f73cbeddfc5be04de9593a83b804ddff63589433d4e79bd3793f8c7de1c94cb8540a3fe43b2c913f46d095c0a81f298131c24c6b7caf6420ae8789b908b016fb47ba8ba16363f12d5dbd182eac1be3edd528714aa3f840cec34873ee779034e4a255d31fc628dc9ef08b72183c449a458961082e1c8af3e1c07cd60313d8e933488e269ee3e6d231bebf1cb80bdfbc6a6dcb633081ef0c921ddd83ad7002a76318d55ba229b98189f626e067b0b1016de0ef44c5768d31c4be0d89fe8442ce257ab1269041e5d7b02f6ed173059c7bb17887b35c6a1dbb518b1df3bd00fabde6e745a2a6904abfd6035bf299357720509b557d9ed83fe86f36981d3434b225583b4eb40127abf61ef1979ead7881fe64c66e51910fcf07cb31b386f52e8dac143fdadcf65ea1abf51ddf22a1701bc1a2bad9379c65791447da24e11e54a637b7403571059243476969b568abf8975a13c2cdc077ff2601c5f03ea1c32c42f44fae61ac79d49f417f12c115e135b01d74a0b5d6d2cc221e1669ddeabd8225f9ae7673f620845081da304731a4676dba8a4711bcde2834b60b505f43874af450de86465ea532d53ccae0e9bb0fa2a630e002ac15cd8967481f4cc308458c85bba10b52851afc58bdaac13851efeb25e2319ccf87a49abd1348f8996f6979ea83e5d3c96475c40013bbffb665d23d02b882fba7c41a8f2909ccb5b29e651f11dbfe47b148cf80c8a135065ad8804dca146d6d7b318cef667f0cf7b3054bd38c608bf1399495d214de17e247c381f5313c300d62c40d659a47b4b4b28931665f4436bab38811c72231ac864d49add429140896a954de829bd3460065a3e8896237519f42ce5042eac7c6ea3688318efb486f22f2244e944c1433d4cfde2d8dd25fb06fca54e1e6de0143a54a1126d4117307ca026b84455a628498f0a9de0be4165626e808d435208b4a0cbf210c1bad48b940fa25ebf362e17b50d85629073e80cbe0a9d2a3684b61f5080a2b5f6a5404776bbf3044eb1837142273831d25353c70dc6da4ce2ecab878208595ad62531f7aa8c64aab31749ed5cd3904270f347ed4a9aa8d813f5001102ed07ee5cc892c0db00533cd1a8ee912c5d658555171a50fe1293c0dada542985db353d30cf0598fb1139b061c6e33e8287b18a812ab7acbf1555d8eec52f4c03ab2c8ab90bf6e29535620d3cf074c1d0431f69a1b3fb08e2d807c3dcd696887ab92ae8e152421fc99a8a5f52171cfa524afe4de0a7640619d92bb567626647522150faccf08e334b70ea21860ad968592a69c173b18df4a2c210a8332701189422bfc03747401a04bd599e5788176800ba30611804ed180cb47750c29c7bd92ea520bf0012944bf81ce7ba80ca01aed2e95756206e3219c40a9002e8a0ee29bda6d4284f580b6bd30a5e8e14a1a562c0c63f5d4527062216fd55a989204cd7e6475efbdd07d561e1e9155d2841719bc4ecce8aa83589813509a1313d53981b5ff8477bb15945fc30b7edf549e132e649981b5a811e0caab33689b38cc5773eabcf21a35f96f6d9992d776a4845c81f1adb6806fc9e56261ceec2108a923ebbc5781a47aff656649ae4d6d3e8cc2cae7afa82910a64a9492ccfb23ac93c044755831166341f045097ba24573f0d36cf521a7f8a54728aba640d171102fdf44c35a1dee4fc827f14e9c9221f9eaa6a94a11a9eb98d89ec2038001b30b749494e4797f14a99a4646ac68746078d319a8a528f4f278a0ad6334c4fbf50b17510c7ca8fd172345616eceb3a5e3f94491ed844274da4261a829ccb35654c88a33e26177b387c43abc868eb7e51d3143216d8cc79ec38ad254b9f5f09a429f3846e2225e8a4f5b28308022d002d7238e1139d843ee53db88a8b467ee2d134da1248ee1225ecafb54cb5400285451475882e31a5eeca389de8a3ab88a65e7864c35859488fe110e440d55941a93134421790f9b793d1f41a0563457607b687b0e0f172b2d296494acc52fea08494395a57b6ced4ea2b7a50f5d035068ab0ff78806363eb01858749c82e8435b9be680e825a69e451eaf6c2e2fa328b46acc32a55aa7647bed086397e65168eb5b28104b147115a21768422c6f5bff508158b060b785a97f98e73dd9faf8fa33240a9115d717d03e7e3def2cdbc6691468012972084ac128f3dccf58c6da3466148d41a8323b813a1b0526e7a765bc54e18dc2a6b677eb55bcb4205ebfb68d79ffa249b83b43ccdfa75012bc4022c3d6a1186bbcbeb05d555d6351c07f86972dd7b3850f0d5303c11adafb2e9021eaae0cba48ff0268694acefd6a8c94e15d74a7488592c8794a0d74638580ecf82a68f68b0bfe4ead3d398f7ffe2128f8d6b647a12a5692af057fa70412b916c3a083bbc616587727eb02d580aaf2b51635e9b539106ced99b492a7b09ea6655713954184e93d40ab84244ddc2c857d8ff0055cd83868f8d453cc575ccca5d8197faff6122ba875ea118ae66fcc1b5053a94b8becdcfc23d23639f99055fb76e08d185ccc658a6d1df4986a5d3cca710d7ce0a0a37c27064f7ba80e22b9fa2a0b50c930e6fefd4d287f8d5701a12c55e3c72d029706300a09fd102ea09c195023177ddfc277d0e919745bcf855033f72d209733cd9d196bc30d4aa1b5fd94d697c3aae0552403d145e5264014128be6b330f79e6049337dc5ce321c75c0bd284cf4dd3558a3198bfb87e7805168dfa45347be426014545fab95f6d6378842ab866b07e82068a1e7a4a1fb0dd0b3b11aa0a4b73d850bcccdb503cc5d6ee892dcc4178842eb6194b78da8ddd66d6d6c8343e6627f3e85b676770b7d1fdfd41bd0cb22144057d9b82d85fab423824bda49b40eb9c128a497cd1f3112f8be18c644b035bf97200a2dbb56ebd272442bbb4c7f1acfce730305dcb8b41a24d22d5651fd690c6bd7c895f307005b7f312b8136d7bd7470919096e91365c3412d580a0ac55ee718eadb01a8a6649554932157e614c0cb17166550698721b4dcd70e17d8d4bbf60d6850d862194786d9d0acae9535dd3f6d0ec081fd901c14d2762121509090fa2666b18107bdb9242a5e936cc69ec203f4ea508daa174c9f13498bb7995ec2a4529cc8aafde970896be422eb1456d195903c20a954ddfe94d26b792ab1258a3cc4975d469426b219987203f44b19d18a7285cd7fc5864db40f44ce9469c71259d57af10a321412f9da67cfcc8fecaaeb9ef3bc065736c37751235742d7d91c4e635bb7d6b708478eb4b0014716a31db76a59ce450dfa6a7cc3bc7e83ef2b9562a7f90096e06bad2df6cfd028ba20fd3f33fdcaadde9934ee4f58c8ea8de96b98f77c159c462fdefe148a8ef46d04bb6024f81989e87d103be8bea38964debffcf1cc1b5bd60f5b197925f32eeb74569eed8b01e7340a7f9353dc943e1382e8f97f035ae754c52d13bcf1d3cf7d5d8d4aa3c706e35bdea9c377662a4393c765b36bff7d34f7a1af73e189f4c3f5551e5c6b29e3202e7f487be7bcf7d45905c2fdf665508fbb97cc6a9e4e71f2ded3c9f7ce0292d36519ec79068ff57f4eb5f18759f3987e85e804a66a849fb4285a5483b2d8f314d2f7c619667c333756846dc45aa3d1376fe79922fec6621b94be7d06dcf77a9ac6c410e8d9166ca688b8de2c59fd25f1a35f9a78b94123dbfeda1c2df34688b48bb39e226de821f9dec5697dde99bee3c86cb93f232db3d81cfe861904d3cc3ba4bd75787ffa8e3486aff3741ed645be675864de7376d20e9904991659b97f2eb7e7a26d893b84f6b5931778bfa3ec2c446ce531ddc2d8c9f31c4e500e817f8851b18f086348fc0b8ccacb38831a1fd68dae1c1048edd003c39bff18559825d0f193e3e748aa8fd3860778d2a925730dc357279de589107d87b6e84dacc9f7ed6dc1d98b7d452804e307c91b5e961abc44873b79c702098f948023a289783add1138dbd8151661f173670f4312538416687fbae85c06053eb7e802bbf05edbe8850eee0d50305adee53472b6b44c4d586051b5cea615a256b57c3ddd0ec37f71b9aceac5ffee2b422f11754ba4d18bbb0eeeb55923e9b27268f458f71112f41a92af12f671bf7f4ed22e8e90ac43a739282ec2afbfb27f1ad1bcea2c102e999cddc34bc2a2b9d830071bc945b05938c87b9683f66e1b5b11c9ebf160e7e06a6799e8cc642c486fc87329e2fae42f49979b48de3f3d564751b9a72ee0cbf7bf265c72107d4c3e592040397059f763b9f9f7fd17654b2e1ac3eff72f19c6fe9ece032eb68d73e9091687fd492ff9b392a518c3ce62deddee4911beef33c682801de1fba22efbabf78fd67d624ba5a3198ddaad24e974de3a4724497bf4688bfa89279e78e289279e78e289279e7088ff01d7f0e09d9c099db60000000049454e44ae426082, 1),
('Artista B', '$2y$10$4soLdF9977mBPfYR4q9Z3OM/.mp6zADqThOK/TskC8NOR4tFHTJwq', 'Artista', 'Prueba', '1990-01-01', '40404040', '2323232323', 'Argentina', 'artista@gmail.com', 0x89504e470d0a1a0a0000000d49484452000000e1000000e10803000000096d224800000090504c5445fffffff64747f63939f64545f64141f63e3ef64343f63d3df64040f63b3bf63838f53333fee8e8f63636fffafafef4f4fddadafdd5d5fdddddfccdcdf87777f87171faa6a6f75656f64b4bfeefeffde2e2faa4a4f98787fcc3c3f75c5cfccacaf98e8ef99494fbb7b7fa9e9ef76262f87a7af98282fbbabaf76a6af76060f87272f99191f65151fcc4c4fbaeaefa9999f800061d00000ef949444154789ced5deb7af2aa125608684e6ab49eb555abd6f6b3f5feef6eab05124fc9cc40b46b3fbe3ff67ad65e353030cc99a15279e289279e78e289279e78e28927fe6fd08cdaad24e9ecf176f89f24698da2e6a327e508ed696fb2ac7aa2e6b303822038fed3af098fbfbeec3e92ff30a1cdd6cfec358e59ad2e39e7d573ecff3fe90916878355af337cf464d118beedbad5d8afcb0bc22ec1bd5a2096b3efe8d19386a3d5db54833d1302a833544a11c8e5b8fde8a94390ec06714d62a84ba9acc572963c9a807c8cc6fd5050a833548ab03f1e3d9a8c5b684c37ac9673f07816b7ff4cd6fccd47e3d1c45cc1705e65d78ede5e62d66bec17bf9247d67df5ef47297be5271e1becfe9a746dadaf7127df6b0331584e7ad3a41d35b3fbd2d89b009de978b2dcd6d83599b4e7d6c95f62d6e42bae5f52e7c7d5eeee7b94afd19ba3e9aecbafc92611af5a779a7f11922fe65d6c4110747b2da8b9d2dceb9738a89f13e9f9abbfa03ea2557c469f14fe60f68695158db7c980895341c5ebf1fad1e7b1393fe34f2e587f47e5ae64de0fce8e739d8d1f6ab87e0cfc930949569b243692bed19979ec6423b9bf9d3a9b2f16a30dcbd2c7bdb0bfb05ff0e6621b9e485719bc3c8855dfc3ec01e4a2f6e2cae24a5e6a27ccea853d475fc6a0fdc94ee8131397726f3413591a79b0b9bb76ec89ec06d6e3996bdf279a055919e6c985e301f2d13c39815ebc2ec3b78bd6593dc483973b1aab1d99595ec93665d91eed6e56ae8ac1dd6c9c7190d9c07285f9773fa38ea4ff53e25019ace3cca0e1bc5cde69ec32accae359a983fd227aada523b2cff20dc7d13273e6fd4de9164eab9a2ea9f4dfcb1eee88acdcae6f4b5ed3b78c13eff7ef75f25baf7ebaacf55223391f29c3f070723fe9dd9884666029deca1be8273bce7d35f087e7a56b5bdad0bd30d54dfd7bfba6a357513a89bdc010c8ba3491d61c46d17048fced973184795c0a893da3067930c3ce2e59cc5ffa55e9797551f73cbeddfc5be04de9593a83b804ddff63589433d4e79bd3793f8c7de1c94cb8540a3fe43b2c913f46d095c0a81f298131c24c6b7caf6420ae8789b908b016fb47ba8ba16363f12d5dbd182eac1be3edd528714aa3f840cec34873ee779034e4a255d31fc628dc9ef08b72183c449a458961082e1c8af3e1c07cd60313d8e933488e269ee3e6d231bebf1cb80bdfbc6a6dcb633081ef0c921ddd83ad7002a76318d55ba229b98189f626e067b0b1016de0ef44c5768d31c4be0d89fe8442ce257ab1269041e5d7b02f6ed173059c7bb17887b35c6a1dbb518b1df3bd00fabde6e745a2a6904abfd6035bf299357720509b557d9ed83fe86f36981d3434b225583b4eb40127abf61ef1979ead7881fe64c66e51910fcf07cb31b386f52e8dac143fdadcf65ea1abf51ddf22a1701bc1a2bad9379c65791447da24e11e54a637b7403571059243476969b568abf8975a13c2cdc077ff2601c5f03ea1c32c42f44fae61ac79d49f417f12c115e135b01d74a0b5d6d2cc221e1669ddeabd8225f9ae7673f620845081da304731a4676dba8a4711bcde2834b60b505f43874af450de86465ea532d53ccae0e9bb0fa2a630e002ac15cd8967481f4cc308458c85bba10b52851afc58bdaac13851efeb25e2319ccf87a49abd1348f8996f6979ea83e5d3c96475c40013bbffb665d23d02b882fba7c41a8f2909ccb5b29e651f11dbfe47b148cf80c8a135065ad8804dca146d6d7b318cef667f0cf7b3054bd38c608bf1399495d214de17e247c381f5313c300d62c40d659a47b4b4b28931665f4436bab38811c72231ac864d49add429140896a954de829bd3460065a3e8896237519f42ce5042eac7c6ea3688318efb486f22f2244e944c1433d4cfde2d8dd25fb06fca54e1e6de0143a54a1126d4117307ca026b84455a628498f0a9de0be4165626e808d435208b4a0cbf210c1bad48b940fa25ebf362e17b50d85629073e80cbe0a9d2a3684b61f5080a2b5f6a5404776bbf3044eb1837142273831d25353c70dc6da4ce2ecab878208595ad62531f7aa8c64aab31749ed5cd3904270f347ed4a9aa8d813f5001102ed07ee5cc892c0db00533cd1a8ee912c5d658555171a50fe1293c0dada542985db353d30cf0598fb1139b061c6e33e8287b18a812ab7acbf1555d8eec52f4c03ab2c8ab90bf6e29535620d3cf074c1d0431f69a1b3fb08e2d807c3dcd696887ab92ae8e152421fc99a8a5f52171cfa524afe4de0a7640619d92bb567626647522150faccf08e334b70ea21860ad968592a69c173b18df4a2c210a8332701189422bfc03747401a04bd599e5788176800ba30611804ed180cb47750c29c7bd92ea520bf0012944bf81ce7ba80ca01aed2e95756206e3219c40a9002e8a0ee29bda6d4284f580b6bd30a5e8e14a1a562c0c63f5d4527062216fd55a989204cd7e6475efbdd07d561e1e9155d2841719bc4ecce8aa83589813509a1313d53981b5ff8477bb15945fc30b7edf549e132e649981b5a811e0caab33689b38cc5773eabcf21a35f96f6d9992d776a4845c81f1adb6806fc9e56261ceec2108a923ebbc5781a47aff656649ae4d6d3e8cc2cae7afa82910a64a9492ccfb23ac93c044755831166341f045097ba24573f0d36cf521a7f8a54728aba640d171102fdf44c35a1dee4fc827f14e9c9221f9eaa6a94a11a9eb98d89ec2038001b30b749494e4797f14a99a4646ac68746078d319a8a528f4f278a0ad6334c4fbf50b17510c7ca8fd172345616eceb3a5e3f94491ed844274da4261a829ccb35654c88a33e26177b387c43abc868eb7e51d3143216d8cc79ec38ad254b9f5f09a429f3846e2225e8a4f5b28308022d002d7238e1139d843ee53db88a8b467ee2d134da1248ee1225ecafb54cb5400285451475882e31a5eeca389de8a3ab88a65e7864c35859488fe110e440d55941a93134421790f9b793d1f41a0563457607b687b0e0f172b2d296494acc52fea08494395a57b6ced4ea2b7a50f5d035068ab0ff78806363eb01858749c82e8435b9be680e825a69e451eaf6c2e2fa328b46acc32a55aa7647bed086397e65168eb5b28104b147115a21768422c6f5bff508158b060b785a97f98e73dd9faf8fa33240a9115d717d03e7e3def2cdbc6691468012972084ac128f3dccf58c6da3466148d41a8323b813a1b0526e7a765bc54e18dc2a6b677eb55bcb4205ebfb68d79ffa249b83b43ccdfa75012bc4022c3d6a1186bbcbeb05d555d6351c07f86972dd7b3850f0d5303c11adafb2e9021eaae0cba48ff0268694acefd6a8c94e15d74a7488592c8794a0d74638580ecf82a68f68b0bfe4ead3d398f7ffe2128f8d6b647a12a5692af057fa70412b916c3a083bbc616587727eb02d580aaf2b51635e9b539106ced99b492a7b09ea6655713954184e93d40ab84244ddc2c857d8ff0055cd83868f8d453cc575ccca5d8197faff6122ba875ea118ae66fcc1b5053a94b8becdcfc23d23639f99055fb76e08d185ccc658a6d1df4986a5d3cca710d7ce0a0a37c27064f7ba80e22b9fa2a0b50c930e6fefd4d287f8d5701a12c55e3c72d029706300a09fd102ea09c195023177ddfc277d0e919745bcf855033f72d209733cd9d196bc30d4aa1b5fd94d697c3aae0552403d145e5264014128be6b330f79e6049337dc5ce321c75c0bd284cf4dd3558a3198bfb87e7805168dfa45347be426014545fab95f6d6378842ab866b07e82068a1e7a4a1fb0dd0b3b11aa0a4b73d850bcccdb503cc5d6ee892dcc4178842eb6194b78da8ddd66d6d6c8343e6627f3e85b676770b7d1fdfd41bd0cb22144057d9b82d85fab423824bda49b40eb9c128a497cd1f3112f8be18c644b035bf97200a2dbb56ebd272442bbb4c7f1acfce730305dcb8b41a24d22d5651fd690c6bd7c895f307005b7f312b8136d7bd7470919096e91365c3412d580a0ac55ee718eadb01a8a6649554932157e614c0cb17166550698721b4dcd70e17d8d4bbf60d6850d862194786d9d0acae9535dd3f6d0ec081fd901c14d2762121509090fa2666b18107bdb9242a5e936cc69ec203f4ea508daa174c9f13498bb7995ec2a4529cc8aafde970896be422eb1456d195903c20a954ddfe94d26b792ab1258a3cc4975d469426b219987203f44b19d18a7285cd7fc5864db40f44ce9469c71259d57af10a321412f9da67cfcc8fecaaeb9ef3bc065736c37751235742d7d91c4e635bb7d6b708478eb4b0014716a31db76a59ce450dfa6a7cc3bc7e83ef2b9562a7f90096e06bad2df6cfd028ba20fd3f33fdcaadde9934ee4f58c8ea8de96b98f77c159c462fdefe148a8ef46d04bb6024f81989e87d103be8bea38964debffcf1cc1b5bd60f5b197925f32eeb74569eed8b01e7340a7f9353dc943e1382e8f97f035ae754c52d13bcf1d3cf7d5d8d4aa3c706e35bdea9c377662a4393c765b36bff7d34f7a1af73e189f4c3f5551e5c6b29e3202e7f487be7bcf7d45905c2fdf665508fbb97cc6a9e4e71f2ded3c9f7ce0292d36519ec79068ff57f4eb5f18759f3987e85e804a66a849fb4285a5483b2d8f314d2f7c619667c333756846dc45aa3d1376fe79922fec6621b94be7d06dcf77a9ac6c410e8d9166ca688b8de2c59fd25f1a35f9a78b94123dbfeda1c2df34688b48bb39e226de821f9dec5697dde99bee3c86cb93f232db3d81cfe861904d3cc3ba4bd75787ffa8e3486aff3741ed645be675864de7376d20e9904991659b97f2eb7e7a26d893b84f6b5931778bfa3ec2c446ce531ddc2d8c9f31c4e500e817f8851b18f086348fc0b8ccacb38831a1fd68dae1c1048edd003c39bff18559825d0f193e3e748aa8fd3860778d2a925730dc357279de589107d87b6e84dacc9f7ed6dc1d98b7d452804e307c91b5e961abc44873b79c702098f948023a289783add1138dbd8151661f173670f4312538416687fbae85c06053eb7e802bbf05edbe8850eee0d50305adee53472b6b44c4d586051b5cea615a256b57c3ddd0ec37f71b9aceac5ffee2b422f11754ba4d18bbb0eeeb55923e9b27268f458f71112f41a92af12f671bf7f4ed22e8e90ac43a739282ec2afbfb27f1ad1bcea2c102e999cddc34bc2a2b9d830071bc945b05938c87b9683f66e1b5b11c9ebf160e7e06a6799e8cc642c486fc87329e2fae42f49979b48de3f3d564751b9a72ee0cbf7bf265c72107d4c3e592040397059f763b9f9f7fd17654b2e1ac3eff72f19c6fe9ece032eb68d73e9091687fd492ff9b392a518c3ce62deddee4911beef33c682801de1fba22efbabf78fd67d624ba5a3198ddaad24e974de3a4724497bf4688bfa89279e78e289279e78e289279e7088ff01d7f0e09d9c099db60000000049454e44ae426082, 1),
('Artista R', '$2y$10$FONQTGgcwpQHjLQfCJkfDOsABLNDap3vTTNN523JwPwW2DMqG7aRa', 'Artista', 'Prueba', '1990-01-01', '40404040', '2323232323', 'Argentina', 'artista@gmail.com', 0x89504e470d0a1a0a0000000d49484452000000e1000000e10803000000096d224800000090504c5445fffffff64747f63939f64545f64141f63e3ef64343f63d3df64040f63b3bf63838f53333fee8e8f63636fffafafef4f4fddadafdd5d5fdddddfccdcdf87777f87171faa6a6f75656f64b4bfeefeffde2e2faa4a4f98787fcc3c3f75c5cfccacaf98e8ef99494fbb7b7fa9e9ef76262f87a7af98282fbbabaf76a6af76060f87272f99191f65151fcc4c4fbaeaefa9999f800061d00000ef949444154789ced5deb7af2aa125608684e6ab49eb555abd6f6b3f5feef6eab05124fc9cc40b46b3fbe3ff67ad65e353030cc99a15279e289279e78e289279e78e28927fe6fd08cdaad24e9ecf176f89f24698da2e6a327e508ed696fb2ac7aa2e6b303822038fed3af098fbfbeec3e92ff30a1cdd6cfec358e59ad2e39e7d573ecff3fe90916878355af337cf464d118beedbad5d8afcb0bc22ec1bd5a2096b3efe8d19386a3d5db54833d1302a833544a11c8e5b8fde8a94390ec06714d62a84ba9acc572963c9a807c8cc6fd5050a833548ab03f1e3d9a8c5b684c37ac9673f07816b7ff4cd6fccd47e3d1c45cc1705e65d78ede5e62d66bec17bf9247d67df5ef47297be5271e1becfe9a746dadaf7127df6b0331584e7ad3a41d35b3fbd2d89b009de978b2dcd6d83599b4e7d6c95f62d6e42bae5f52e7c7d5eeee7b94afd19ba3e9aecbafc92611af5a779a7f11922fe65d6c4110747b2da8b9d2dceb9738a89f13e9f9abbfa03ea2557c469f14fe60f68695158db7c980895341c5ebf1fad1e7b1393fe34f2e587f47e5ae64de0fce8e739d8d1f6ab87e0cfc930949569b243692bed19979ec6423b9bf9d3a9b2f16a30dcbd2c7bdb0bfb05ff0e6621b9e485719bc3c8855dfc3ec01e4a2f6e2cae24a5e6a27ccea853d475fc6a0fdc94ee8131397726f3413591a79b0b9bb76ec89ec06d6e3996bdf279a055919e6c985e301f2d13c39815ebc2ec3b78bd6593dc483973b1aab1d99595ec93665d91eed6e56ae8ac1dd6c9c7190d9c07285f9773fa38ea4ff53e25019ace3cca0e1bc5cde69ec32accae359a983fd227aada523b2cff20dc7d13273e6fd4de9164eab9a2ea9f4dfcb1eee88acdcae6f4b5ed3b78c13eff7ef75f25baf7ebaacf55223391f29c3f070723fe9dd9884666029deca1be8273bce7d35f087e7a56b5bdad0bd30d54dfd7bfba6a357513a89bdc010c8ba3491d61c46d17048fced973184795c0a893da3067930c3ce2e59cc5ffa55e9797551f73cbeddfc5be04de9593a83b804ddff63589433d4e79bd3793f8c7de1c94cb8540a3fe43b2c913f46d095c0a81f298131c24c6b7caf6420ae8789b908b016fb47ba8ba16363f12d5dbd182eac1be3edd528714aa3f840cec34873ee779034e4a255d31fc628dc9ef08b72183c449a458961082e1c8af3e1c07cd60313d8e933488e269ee3e6d231bebf1cb80bdfbc6a6dcb633081ef0c921ddd83ad7002a76318d55ba229b98189f626e067b0b1016de0ef44c5768d31c4be0d89fe8442ce257ab1269041e5d7b02f6ed173059c7bb17887b35c6a1dbb518b1df3bd00fabde6e745a2a6904abfd6035bf299357720509b557d9ed83fe86f36981d3434b225583b4eb40127abf61ef1979ead7881fe64c66e51910fcf07cb31b386f52e8dac143fdadcf65ea1abf51ddf22a1701bc1a2bad9379c65791447da24e11e54a637b7403571059243476969b568abf8975a13c2cdc077ff2601c5f03ea1c32c42f44fae61ac79d49f417f12c115e135b01d74a0b5d6d2cc221e1669ddeabd8225f9ae7673f620845081da304731a4676dba8a4711bcde2834b60b505f43874af450de86465ea532d53ccae0e9bb0fa2a630e002ac15cd8967481f4cc308458c85bba10b52851afc58bdaac13851efeb25e2319ccf87a49abd1348f8996f6979ea83e5d3c96475c40013bbffb665d23d02b882fba7c41a8f2909ccb5b29e651f11dbfe47b148cf80c8a135065ad8804dca146d6d7b318cef667f0cf7b3054bd38c608bf1399495d214de17e247c381f5313c300d62c40d659a47b4b4b28931665f4436bab38811c72231ac864d49add429140896a954de829bd3460065a3e8896237519f42ce5042eac7c6ea3688318efb486f22f2244e944c1433d4cfde2d8dd25fb06fca54e1e6de0143a54a1126d4117307ca026b84455a628498f0a9de0be4165626e808d435208b4a0cbf210c1bad48b940fa25ebf362e17b50d85629073e80cbe0a9d2a3684b61f5080a2b5f6a5404776bbf3044eb1837142273831d25353c70dc6da4ce2ecab878208595ad62531f7aa8c64aab31749ed5cd3904270f347ed4a9aa8d813f5001102ed07ee5cc892c0db00533cd1a8ee912c5d658555171a50fe1293c0dada542985db353d30cf0598fb1139b061c6e33e8287b18a812ab7acbf1555d8eec52f4c03ab2c8ab90bf6e29535620d3cf074c1d0431f69a1b3fb08e2d807c3dcd696887ab92ae8e152421fc99a8a5f52171cfa524afe4de0a7640619d92bb567626647522150faccf08e334b70ea21860ad968592a69c173b18df4a2c210a8332701189422bfc03747401a04bd599e5788176800ba30611804ed180cb47750c29c7bd92ea520bf0012944bf81ce7ba80ca01aed2e95756206e3219c40a9002e8a0ee29bda6d4284f580b6bd30a5e8e14a1a562c0c63f5d4527062216fd55a989204cd7e6475efbdd07d561e1e9155d2841719bc4ecce8aa83589813509a1313d53981b5ff8477bb15945fc30b7edf549e132e649981b5a811e0caab33689b38cc5773eabcf21a35f96f6d9992d776a4845c81f1adb6806fc9e56261ceec2108a923ebbc5781a47aff656649ae4d6d3e8cc2cae7afa82910a64a9492ccfb23ac93c044755831166341f045097ba24573f0d36cf521a7f8a54728aba640d171102fdf44c35a1dee4fc827f14e9c9221f9eaa6a94a11a9eb98d89ec2038001b30b749494e4797f14a99a4646ac68746078d319a8a528f4f278a0ad6334c4fbf50b17510c7ca8fd172345616eceb3a5e3f94491ed844274da4261a829ccb35654c88a33e26177b387c43abc868eb7e51d3143216d8cc79ec38ad254b9f5f09a429f3846e2225e8a4f5b28308022d002d7238e1139d843ee53db88a8b467ee2d134da1248ee1225ecafb54cb5400285451475882e31a5eeca389de8a3ab88a65e7864c35859488fe110e440d55941a93134421790f9b793d1f41a0563457607b687b0e0f172b2d296494acc52fea08494395a57b6ced4ea2b7a50f5d035068ab0ff78806363eb01858749c82e8435b9be680e825a69e451eaf6c2e2fa328b46acc32a55aa7647bed086397e65168eb5b28104b147115a21768422c6f5bff508158b060b785a97f98e73dd9faf8fa33240a9115d717d03e7e3def2cdbc6691468012972084ac128f3dccf58c6da3466148d41a8323b813a1b0526e7a765bc54e18dc2a6b677eb55bcb4205ebfb68d79ffa249b83b43ccdfa75012bc4022c3d6a1186bbcbeb05d555d6351c07f86972dd7b3850f0d5303c11adafb2e9021eaae0cba48ff0268694acefd6a8c94e15d74a7488592c8794a0d74638580ecf82a68f68b0bfe4ead3d398f7ffe2128f8d6b647a12a5692af057fa70412b916c3a083bbc616587727eb02d580aaf2b51635e9b539106ced99b492a7b09ea6655713954184e93d40ab84244ddc2c857d8ff0055cd83868f8d453cc575ccca5d8197faff6122ba875ea118ae66fcc1b5053a94b8becdcfc23d23639f99055fb76e08d185ccc658a6d1df4986a5d3cca710d7ce0a0a37c27064f7ba80e22b9fa2a0b50c930e6fefd4d287f8d5701a12c55e3c72d029706300a09fd102ea09c195023177ddfc277d0e919745bcf855033f72d209733cd9d196bc30d4aa1b5fd94d697c3aae0552403d145e5264014128be6b330f79e6049337dc5ce321c75c0bd284cf4dd3558a3198bfb87e7805168dfa45347be426014545fab95f6d6378842ab866b07e82068a1e7a4a1fb0dd0b3b11aa0a4b73d850bcccdb503cc5d6ee892dcc4178842eb6194b78da8ddd66d6d6c8343e6627f3e85b676770b7d1fdfd41bd0cb22144057d9b82d85fab423824bda49b40eb9c128a497cd1f3112f8be18c644b035bf97200a2dbb56ebd272442bbb4c7f1acfce730305dcb8b41a24d22d5651fd690c6bd7c895f307005b7f312b8136d7bd7470919096e91365c3412d580a0ac55ee718eadb01a8a6649554932157e614c0cb17166550698721b4dcd70e17d8d4bbf60d6850d862194786d9d0acae9535dd3f6d0ec081fd901c14d2762121509090fa2666b18107bdb9242a5e936cc69ec203f4ea508daa174c9f13498bb7995ec2a4529cc8aafde970896be422eb1456d195903c20a954ddfe94d26b792ab1258a3cc4975d469426b219987203f44b19d18a7285cd7fc5864db40f44ce9469c71259d57af10a321412f9da67cfcc8fecaaeb9ef3bc065736c37751235742d7d91c4e635bb7d6b708478eb4b0014716a31db76a59ce450dfa6a7cc3bc7e83ef2b9562a7f90096e06bad2df6cfd028ba20fd3f33fdcaadde9934ee4f58c8ea8de96b98f77c159c462fdefe148a8ef46d04bb6024f81989e87d103be8bea38964debffcf1cc1b5bd60f5b197925f32eeb74569eed8b01e7340a7f9353dc943e1382e8f97f035ae754c52d13bcf1d3cf7d5d8d4aa3c706e35bdea9c377662a4393c765b36bff7d34f7a1af73e189f4c3f5551e5c6b29e3202e7f487be7bcf7d45905c2fdf665508fbb97cc6a9e4e71f2ded3c9f7ce0292d36519ec79068ff57f4eb5f18759f3987e85e804a66a849fb4285a5483b2d8f314d2f7c619667c333756846dc45aa3d1376fe79922fec6621b94be7d06dcf77a9ac6c410e8d9166ca688b8de2c59fd25f1a35f9a78b94123dbfeda1c2df34688b48bb39e226de821f9dec5697dde99bee3c86cb93f232db3d81cfe861904d3cc3ba4bd75787ffa8e3486aff3741ed645be675864de7376d20e9904991659b97f2eb7e7a26d893b84f6b5931778bfa3ec2c446ce531ddc2d8c9f31c4e500e817f8851b18f086348fc0b8ccacb38831a1fd68dae1c1048edd003c39bff18559825d0f193e3e748aa8fd3860778d2a925730dc357279de589107d87b6e84dacc9f7ed6dc1d98b7d452804e307c91b5e961abc44873b79c702098f948023a289783add1138dbd8151661f173670f4312538416687fbae85c06053eb7e802bbf05edbe8850eee0d50305adee53472b6b44c4d586051b5cea615a256b57c3ddd0ec37f71b9aceac5ffee2b422f11754ba4d18bbb0eeeb55923e9b27268f458f71112f41a92af12f671bf7f4ed22e8e90ac43a739282ec2afbfb27f1ad1bcea2c102e999cddc34bc2a2b9d830071bc945b05938c87b9683f66e1b5b11c9ebf160e7e06a6799e8cc642c486fc87329e2fae42f49979b48de3f3d564751b9a72ee0cbf7bf265c72107d4c3e592040397059f763b9f9f7fd17654b2e1ac3eff72f19c6fe9ece032eb68d73e9091687fd492ff9b392a518c3ce62deddee4911beef33c682801de1fba22efbabf78fd67d624ba5a3198ddaad24e974de3a4724497bf4688bfa89279e78e289279e78e289279e7088ff01d7f0e09d9c099db60000000049454e44ae426082, 1);
COMMIT;

/*!40101 SET CHARACTER_SET_CLIENT=@OLD_CHARACTER_SET_CLIENT */;
/*!40101 SET CHARACTER_SET_RESULTS=@OLD_CHARACTER_SET_RESULTS */;
/*!40101 SET COLLATION_CONNECTION=@OLD_COLLATION_CONNECTION */;
